연번,종교구분,종교시설명,주소,전화번호,데이터기준일자
1,불교,두방사,경상남도 진주시 문산읍 동부로781번길 267,055-761-6351,2025-06-20
2,불교,문수암,경상남도 진주시 문산읍 제곡길 215,,2025-06-20
3,불교,안전사,경상남도 진주시 문산읍 정자천로357번길 44-52,055-759-4732,2025-06-20
4,불교,여래암,경상남도 진주시 문산읍 제곡길 98번길 23-21,055-761-7462,2025-06-20
5,불교,장충사,경상남도 진주시 문산읍 동부로 588번길 42,055-761-0667,2025-06-20
6,불교,적광사,경상남도 진주시 문산읍 소문길 103-19,055-761-5385,2025-06-20
7,불교,죽림정사,경상남도 진주시 문산읍 문정로 592번길 43,055-761-6281,2025-06-20
8,기독교,갈곡교회,경상남도 진주시 문산읍 갈곡길 16번길 7,055-759-5004,2025-06-20
9,기독교,문산감리교회,경상남도 진주시 문산읍 월아산로1052번길 6,055-761-4349,2025-06-20
10,기독교,문산교회,경상남도 진주시 문산읍 월아산로1117번길 15-26,055-761-6352 ,2025-06-20
11,기독교,사랑의 엘림교회,경상남도 진주시 문산읍 동부로 730-21,055-762-5004,2025-06-20
12,기독교,상문교회,경상남도 진주시 문산읍 문산로 890,055-758-4802,2025-06-20
13,기독교,어수교회,경상남도 진주시 문산읍 월아산로832번길 27-3,,2025-06-20
14,기독교,옥산교회,경상남도 진주시 문산읍 문정로592번길 16-7,055-761-5475,2025-06-20
15,기독교,이곡교회,경상남도 진주시 문산읍 이곡길118번길 16-5,055-761-4398,2025-06-20
16,기독교,제곡교회,경상남도 진주시 문산읍 제곡길 143,055-761-5143,2025-06-20
17,기독교,진양교회,경상남도 진주시 문산읍 소문길43번길 9-5,055-761-6948,2025-06-20
18,천주교,문산 천주교회,경상남도 진주시 문산읍 소문길67번길 9-4,055-761-5453,2025-06-20
19,원불교,원불교 문산교당,경상남도 진주시 문산읍 소문길17번길 17,055-761-5260,2025-06-20
20,천리교,천리교문산교회,경상남도 진주시 문산읍 동부로 664-7,055-761-5374,2025-06-20
21,불교,법륜사,경상남도 진주시 문산읍 동부로 1037-33,,2025-06-20
22,기독교,순복음시온성교회,"경상남도 진주시 문산읍 소문길 64, 3층",,2025-06-20
23,불교,천지미륵사,경상남도 진주시 문산읍 동부로 933-8,055-756-2012 ,2025-06-20
24,기독교,진주나들목교회,경상남도 진주시 문산읍 동부로 743,055-761-2279,2025-06-20
25,불교,대성암,경상남도 진주시 내동면 독산길 65-32,055-759-5188,2025-06-20
26,불교,약수암,경상남도 진주시 내동면 망경로 31-182,055-759-6208,2025-06-20
27,불교,삼산사,경상남도 진주시 내동면 내동로 246-16,055-759-5976,2025-06-20
28,불교,학산암,경상남도 진주시 내동면 삼계로 78-31,055-756-1530,2025-06-20
29,불교,유정사,경상남도 진주시 내동면 독산길 129,055-758-3471,2025-06-20
30,불교,불명사,경상남도 진주시 내동면 유수길 233-27,055-756-1095,2025-06-20
31,기독교,독산교회,경상남도 진주시 내동면 독산길 65,055-759-6117,2025-06-20
32,기독교,유수교회,경상남도 진주시 내동면 내축로 577번길 17,055-756-1632,2025-06-20
33,기독교,세원교회,경상남도 진주시 내동면 내동로 216-149,055-752-1101,2025-06-20
34,기독교,여호와증인,경상남도 진주시 내동면 순환로 425-36,055-741-3411,2025-06-20
35,기독교,주님사랑교회,경상남도 진주시 내동면 내동로219번길 15-14,055-761-7397,2025-06-20
36,기독교,주영광교회,경상남도 진주시 내동면 내동로219번길 15-4,,2025-06-20
37,기독교,신광교회,경상남도 진주시 내동면 삼계로140번길 19,055-756-1745,2025-06-20
38,기독교,사랑의 공동체,경상남도 진주시 내동면 신율길 30-49,055-759-0799,2025-06-20
39,불교,율법사,경상남도 진주시 내동면 신율길 30-130,,2025-06-20
40,불교,법주사,경상남도 진주시 내동면 산유로488번길 8-30 ,,2025-06-20
41,불교,인연암,경상남도 진주시 정촌면 무선산로 332,,2025-06-20
42,불교,토왕암,경상남도 진주시 정촌면 화개길 236번길19,055-754-8033,2025-06-20
43,불교,미송사,경상남도 진주시 정촌면 화개리 산23-3,055-742-8802,2025-06-20
44,불교,정토사,경상남도 진주시 정촌면 화원길 1-21,,2025-06-20
45,불교,휴휴암,경상남도 진주시 정촌면 정촌로 423번길 89-20,055-752-4326,2025-06-20
46,기독교,강주교회,경상남도 진주시 정촌면 강주길 66번길 9,055-754-8113,2025-06-20
47,기독교,관봉교회,경상남도 진주시 정촌면 무선산로 92-19 외4필지,,2025-06-20
48,기독교,소곡교회,경상남도 진주시 정촌면 정촌로 278번길 7,055-754-9176,2025-06-20
49,기독교,화목한교회,경상남도 진주시 정촌면 무선산로 120,055-754-8591,2025-06-20
50,기독교,진리와 사랑의 교회,"경상남도 진주시 정촌면 삼일로105번길 32-13, 203호",,2025-06-20
51,기독교,진주불꽃교회,경상남도 진주시 정촌면 삼일로72번길 18-5,,2025-06-20
52,기독교,참빛교회,경상남도 진주시 정촌면 정촌로 61-5,055-758-5353,2025-06-20
53,불교,금화사,경상남도 진주시 금곡면 구암두문로 951-21,,2025-06-20
54,불교,불광사,경상남도 진주시 금곡면 검암길 243-19 ,055-754-0877,2025-06-20
55,불교,대천사,경상남도 진주시 금곡면 송곡길 112-24 ,,2025-06-20
56,불교,백암사,경상남도 진주시 금곡면 홍정길52번길 34-3,,2025-06-20
57,불교,용주사,경상남도 진주시 금곡면 구암두문로 1001-11 ,055-754-0254,2025-06-20
58,기독교,금곡교회,경상남도 진주시 금곡면 월아산로115번길 4-1 ,055-754-2074,2025-06-20
59,기독교,송곡교회,경상남도 진주시 금곡면 송곡길 99,055-759-4838,2025-06-20
60,기독교,엄정교회,경상남도 진주시 금곡면 검암길 104-9 ,055-754-2174,2025-06-20
61,기독교,두란노교회,경상남도 진주시 금곡면 월아산로 599,055-742-8437,2025-06-20
62,기독교,수정교회,경상남도 진주시 금곡면 정자천로101번길 10,055-752-3927,2025-06-20
63,불교,구룡사,경상남도 진주시 진성면 동부로 1336-36,055-759-0776,2025-06-20
64,불교,구천사,경상남도 진주시 진성면 진성로 350-97,055-758-5802,2025-06-20
65,불교,불광사,경상남도 진주시 진성면 대사길19번길 118-16,055-759-0324,2025-06-20
66,불교,월아사,경상남도 진주시 진성면 동산길 155,,2025-06-20
67,불교,대성사,경상남도 진주시 진성면 일사로 648-34,,2025-06-20
68,불교,금재사,경상남도 진주시 진성면 진성로276번길 260,055-759-5359,2025-06-20
69,불교,금강선원,경상남도 진주시 진성면 달음산로504번길 51-34,055-759-6108,2025-06-20
70,기독교,진성교회,경상남도 진주시 진성면 진의로93번길 6-1,055-754-3280,2025-06-20
71,기독교,진성영일교회,경상남도 진주시 진성면 대사길16번길 5-1,,2025-06-20
72,기독교,진성대흥교회,경상남도 진주시 진성면 동부로1548번길 27-8,055-752-3759,2025-06-20
73,기독교,온수교회,경상남도 진주시 진성면 일사로 667-4,055-759-5326,2025-06-20
74,불교,관음사,경상남도 진주시 일반성면 창촌길 32-18,055-754-6355,2025-06-20
75,불교,금수암,경상남도 진주시 일반성면 남산길 32-23 ,,2025-06-20
76,기독교,반성교회,경상남도 진주시 일반성면 창촌길63번길 3,055-754-6066,2025-06-20
77,기독교,반석교회,경상남도 진주시 일반성면 동부로 2044-4,055-761-1150,2025-06-20
78,기독교,가선교회,경상남도 진주시 일반성면 반성로127번길 38,055-754-6277,2025-06-20
79,기독교,남산교회,경상남도 진주시 일반성면 일사로 380-19,055-759-4697,2025-06-20
80,기독교,알곡교회,경상남도 진주시 일반성면 창촌길45번길 63,055-756-0222,2025-06-20
81,천리교,진양교회,경상남도 진주시 일반성면 동부로1993번길 3-21,055-754-6885,2025-06-20
82,기독교,수목원교회,"경상남도 진주시 일반성면 공치고개길 21, 2층",,2025-06-20
83,불교,대천사,경상남도 진주시 이반성면 대천길152번길 50,055-758-9693,2025-06-20
84,불교,승가사,경상남도 진주시 이반성면 진마대로2520번길 251,055-754-1942,2025-06-20
85,불교,문수사,경상남도 진주시 이반성면 발산길47번길 200,055-758-9797,2025-06-20
86,불교,성전암,경상남도 진주시 이반성면 장안로65번길 291,055-754-7056,2025-06-20
87,불교,묘봉사,경상남도 진주시 이반성면 발산길47번길91,,2025-06-20
88,기독교,가산교회,경상남도 진주시 이반성면 오봉산로554번길 23-2,055-754-7047,2025-06-20
89,기독교,평촌교회,경상남도 진주시 이반성면 부평길 2,055-754-7745,2025-06-20
90,기독교,하곡교회,경상남도 진주시 이반성면 하곡로 77,055-754-8641,2025-06-20
91,원불교,원불교용암교당,경상남도 진주시 이반성면 용암길 67,055-754-7016,2025-06-20
92,기독교,꽃향기가득한 교회,경상남도 진주시 이반성면 발산길 10-1,,2025-06-20
93,기독교,진주열린교회,경상남도 진주시 이반성면 길성길19번길 23,055-753-0901,2025-06-20
94,기독교,마성교회,경상남도 진주시 사봉면 지사로349번길 24,055-754-3920,2025-06-20
95,기독교,복된교회,경상남도 진주시 사봉면 사군로231번길 1,055-754-3741,2025-06-20
96,천주교,문산성당 사봉공소,경상남도 진주시 사봉면 동부로1751번길 46-6,055-761-5453,2025-06-20
97,불교,관음사,경상남도 진주시 지수면 지수로 642번길 161,055-753-3766,2025-06-20
98,불교,금선암,경상남도 진주시 지수면 금평로 242번길 13-6,055-754-5152,2025-06-20
99,불교,길상사,경상남도 진주시 지수면 용봉로 249번길 35-31,055-758-9256,2025-06-20
100,불교,성불암,경상남도 진주시 지수면 청원길 95-133,055-759-5888,2025-06-20
101,불교,약련암,경상남도 진주시 지수면 방어산로 14-25,,2025-06-20
102,불교,천관사,경상남도 진주시 지수면 지수로 517번길 26,055-759-3009,2025-06-20
103,불교,천호사,경상남도 진주시 지수면 청원길 233,055-754-7866,2025-06-20
104,불교,청암사,경상남도 진주시 지수면 청원길 57번길 4,,2025-06-20
105,불교,호인사,경상남도 진주시 지수면 지사로 754번길 143,,2025-06-20
106,불교,지수암,경상남도 진주시 지수면 청담길175번길 34-16,055-758-7870,2025-06-20
107,기독교,동지교회,경상남도 진주시 지수면 용봉로 710,055-754-5298,2025-06-20
108,기독교,송정교회,경상남도 진주시 지수면 지사로 831-12,055-754-5484,2025-06-20
109,기독교,영광수양원,경상남도 진주시 지수면 용봉로 572,055-758-3611,2025-06-20
110,기독교,지수교회,경상남도 진주시 지수면 지수로 483-9,055-754-5443,2025-06-20
111,기독교,후세대교회,경상남도 진주시 지수면 청원길 153,,2025-06-20
112,불교,봉대사,경상남도 진주시 대곡면 월암로456번길 228,055-744-2687,2025-06-20
113,기독교,참아름다운교회,경상남도 진주시 대곡면 월암로 340,,2025-06-20
114,불교,삼보사,경상남도 진주시 대곡면 월암로 332-21,055-744-2637,2025-06-20
115,기독교,시내산교회,경상남도 진주시 대곡면 월암로 310-31,,2025-06-20
116,기독교,평안교회,경상남도 진주시 대곡면 월암로 171,055-746-0153,2025-06-20
117,불교,대경사,경상남도 진주시 대곡면 널방재길 279-28,,2025-06-20
118,천리교,상평교회,경상남도 진주시 대곡면 월암로 93-2,055-752-0657,2025-06-20
119,불교,정진암,경상남도 진주시 대곡면 월암로 93-11,055-744-2741,2025-06-20
120,불교,도광사,경상남도 진주시 대곡면 월암로23번길 46,055-744-2733,2025-06-20
121,기타,성덕도 대곡교화원,경상남도 진주시 대곡면 진의로 1065-10,055-744-0012,2025-06-20
122,기독교,진주대곡교회,경상남도 진주시 대곡면 진의로1056번길 6,055-745-5844,2025-06-20
123,불교,대곡사,경상남도 진주시 대곡면 진의로1080번길 21,055-746-1579,2025-06-20
124,불교,수도암,경상남도 진주시 대곡면 진의로1056번길 39,,2025-06-20
125,불교,도명정사,경상남도 진주시 대곡면 남강로2366번길 64-10,055-745-8293,2025-06-20
126,불교,문경암,경상남도 진주시 대곡면 유곡로 80-13,055-746-5833,2025-06-20
127,불교,불동암,경상남도 진주시 대곡면 오방로 194-24,055-746-9286,2025-06-20
128,기독교,단목교회,경상남도 진주시 대곡면 단목길7번길 37-24,055-744-2866,2025-06-20
129,불교,금강암,경상남도 진주시 대곡면 단목길7번길 37-13,,2025-06-20
130,기타,(사)성덕도,경상남도 진주시 대곡면 단목길 100,055-745-6328,2025-06-20
131,불교,(사)한국불교원효종 비룡사,경상남도 진주시 대곡면 대화로 92-1,055-741-8586,2025-06-20
132,불교,소원사,경상남도 진주시 대곡면 진의로 863-42,,2025-06-20
133,불교,묘심사,경상남도 진주시 대곡면 진의로657번길 109,055-744-1530,2025-06-20
134,불교,기원정사,경상남도 진주시 대곡면 마진한실로 539-39,055-745-8961,2025-06-20
135,기독교,한실교회,경상남도 진주시 대곡면 마진한실로 615-8,055-745-2056,2025-06-20
136,불교,대금암,경상남도 진주시 대곡면 진의로 638,,2025-06-20
137,불교,대명사,경상남도 진주시 금산면 금산순환로22번길 14,055-761-2003,2025-06-20
138,불교,반야정사,경상남도 진주시 금산면 금산순환로80번길 62,055-763-4116,2025-06-20
139,불교,대광사,경상남도 진주시 금산면 금산순환로519번길 290,,2025-06-20
140,불교,성은암,경상남도 진주시 금산면 월아산로1440번길 209,,2025-06-20
141,불교,청곡사,경상남도 진주시 금산면 월아산로1440번길 138,055-762-9751,2025-06-20
142,불교,월아정사,경상남도 진주시 금산면 달음산로53번길 19,055-761-3036,2025-06-20
143,기독교,금산교회,경상남도 진주시 금산면 금산로 47-5,055-761-2393,2025-06-20
144,기독교,성림교회,경상남도 진주시 금산면 속사길 69-1,055-762-0675,2025-06-20
145,기독교,순복음진주 은평교회,경상남도 진주시 금산면 송백로 24,055-762-7933,2025-06-20
146,기독교,월드비젼교회,경상남도 진주시 금산면 중장로154번길 14,055-761-2127,2025-06-20
147,기독교,진주영광교회,경상남도 진주시 금산면 금산로 70-2,,2025-06-20
148,기독교,진주평강 순복음교회,경상남도 진주시 금산면 금산순환로 427-10,055-755-3891,2025-06-20
149,천주교,금산성당,경상남도 진주시 금산면 금산순환로 48,055-756-7030,2025-06-20
150,기독교,진주새금산교회,경상남도 진주시 금산면 금산순환로76번길 5,055-757-1691,2025-06-20
151,기독교,은혜와소망교회,경상남도 진주시 금산면 중천로 8-7,055-752-6675,2025-06-20
152,기독교,금산중앙교회,경상남도 진주시 금산면 금산순환로12번길 10-8,055-761-0691,2025-06-20
153,기독교,사랑은빛교회,"경상남도 진주시 금산면 중천로 17, 2층",,2025-06-20
154,기독교,진주벧엘교회,경상남도 진주시 금산면 금산로 78,070-4225-6595,2025-06-20
155,기독교,경남시민교회,경상남도 진주시 금산면 금산로 84,055-758-0679,2025-06-20
156,기독교,진주성락교회,경상남도 진주시 금산면 순환로519번길 84,,2025-06-20
157,기독교,평신도공동체basic교회,경상남도 진주시 금산면 갈전길 26,,2025-06-20
158,기독교,성샘교회,"경상남도 진주시 금산면 금산로 123, 2층",055-762-3550,2025-06-20
159,기독교,호수교회,경상남도 진주시 금산면 금산로 246,,2025-06-20
160,기독교,축복영성원,경상남도 진주시 금산면 금산로 246,,2025-06-20
161,불교,도리사,경상남도 진주시 집현면 한치골길44번길 9-4,055-748-8568,2025-06-20
162,불교,법문암,경상남도 진주시 집현면 진주성로452번길 8-5,055-748-0266,2025-06-20
163,불교,보림사,경상남도 진주시 집현면 진산로1497번길 65-10,055-746-9536,2025-06-20
164,불교,금륜사,경상남도 진주시 집현면 진산로 1528-7,055-754-3624,2025-06-20
165,불교,월곡사,경상남도 진주시 집현면 지내길101번길 61,055-746-0599,2025-06-20
166,불교,응석사,경상남도 진주시 집현면 응석로 435,055-746-0025,2025-06-20
167,불교,응암사,경상남도 진주시 집현면 응석로72번길 31,,2025-06-20
168,불교,해룡사,경상남도 진주시 집현면 응석로234-13,055-746-9923,2025-06-20
169,불교,운재원,경상남도 진주시 집현면 진산로1391번길 101-7,055-745-5920,2025-06-20
170,불교,고불사,경상남도 진주시 집현면 신당길132번길 38-1,,2025-06-20
171,불교,묘관음사,경상남도 진주시 집현면 지내길 13-10,,2025-06-20
172,불교,대성암,경상남도 진주시 집현면 진산로 977-50,055-746-3407,2025-06-20
173,기독교,대암교회,경상남도 진주시 집현면 응석로 14-6,055-746-9958,2025-06-20
174,기독교,덕오교회,경상남도 진주시 집현면 향양로89번길 20,055-772-6455,2025-06-20
175,기독교,죽산교회,경상남도 진주시 집현면 신당길 234,055-772-5780,2025-06-20
176,기독교,집현교회,경상남도 진주시 집현면 진산로 793-2,055-745-8053,2025-06-20
177,기독교,미천감리교회,경상남도 진주시 미천면 진산로 1851-5,055-744-1091,2025-06-20
178,기독교,상미교회,경상남도 진주시 미천면 상미로 85,055-742-6803,2025-06-20
179,기독교,미천교회,경상남도 진주시 미천면 오방로 644-16,055-744-1432,2025-06-20
180,불교,성불사,경상남도 진주시 미천면 안간길 292,055-744-1434,2025-06-20
181,불교,관음사,경상남도 진주시 미천면 오방로 199번길 32-9,055-745-0384,2025-06-20
182,불교,한보사,경상남도 진주시 미천면 널방재길 195번길 48-18,,2025-06-20
183,불교,부용사,경상남도 진주시 미천면 상미로 30-73,055-744-0636,2025-06-20
184,불교,성원사,경상남도 진주시 미천면 향양로 529번길 16-104,055-746-3513,2025-06-20
185,불교,월명암,경상남도 진주시 미천면 진산로 1623번길 21-199,055-745-1240,2025-06-20
186,불교,한마음선원 진주지원,경상남도 진주시 미천면 오방로 528-40,055-746-8162,2025-06-20
187,불교,보각사,경상남도 진주시 미천면 오방로 487번길 18-41,055-741-6063,2025-06-20
188,불교,여여암,경상남도 진주시 미천면 어옥로 232-72,055-744-5300,2025-06-20
189,불교,진각사,경상남도 진주시 미천면 향양로 689번길 14-8,,2025-06-20
190,불교,대선사,경상남도 진주시 미천면 오방로 985-9,,2025-06-20
191,불교,여여정사,경상남도 진주시 미천면 상미로 205-6,,2025-06-20
192,불교,화개사,경상남도 진주시 미천면 향양로365번길 41-10,,2025-06-20
193,불교,천약암,경상남도 진주시 명석면 진주대로2623번길 31,055-744-3841,2025-06-20
194,불교,용산사,경상남도 진주시 명석면 진주대로 1706번길 34-20,055-744-3106,2025-06-20
195,불교,정토사,경상남도 진주시 명석면 판문로 495번길 34,055-744-2167,2025-06-20
196,불교,대홍사,경상남도 진주시 명석면 광제산로 685번길 77-29,055-746-3979,2025-06-20
197,불교,약사암,경상남도 진주시 명석면 광제산로 864번길 12-11,055-745-9600,2025-06-20
198,불교,영광사,경상남도 진주시 명석면 진주대로 1764-31,055-744-3470,2025-06-20
199,불교,현덕사,경상남도 진주시 명석면 우수리 650,,2025-06-20
200,불교,학천사,경상남도 진주시 명석면 관지리 656,,2025-06-20
201,기독교,초원교회,경상남도 진주시 명석면 광제산로837번길 32-38,070-451-3633,2025-06-20
202,기독교,예원교회(동일사람의교회),경상남도 진주시 명석면 광제산로 745,070-8199-3927,2025-06-20
203,기독교,명석교회,경상남도 진주시 명석면 관덕길 25,055-745-6692,2025-06-20
204,기독교,명석장로교회,경상남도 진주시 명석면 광제산로 26번길 20,070-8683-8441,2025-06-20
205,기독교,외율교회,경상남도 진주시 명석면 외율길 57번길 9,055-743-5264,2025-06-20
206,기독교,보석교회,경상남도 진주시 명석면 진주대로1706번길 175-7,055-744-1724,2025-06-20
207,불교,관음사,경상남도 진주시 명석면 진주대로 2112,,2025-06-20
208,불교,관적사,경상남도 진주시 명석면 관덕길 47-25,055-745-1282,2025-06-20
209,불교,광제암,경상남도 진주시 명석면 광제산로837번길 73,,2025-06-20
210,불교,극락선원,경상남도 진주시 명석면 광제산로 354,055-746-6080,2025-06-20
211,불교,불곡암,경상남도 진주시 명석면 광제산로 133-21,055-744-4595,2025-06-20
212,불교,무위사,경상남도 진주시 명석면 나불로 186-72,,2025-06-20
213,불교,석불사,경상남도 진주시 명석면 남성로 563,055-745-2951,2025-06-20
214,불교,장흥사,경상남도 진주시 명석면 남성로689번길 190,,2025-06-20
215,불교,대원암,경상남도 진주시 명석면 남성로445번길 14-1,,2025-06-20
216,불교,광흥사,경상남도 진주시 명석면 광제산로635번길 35-9,055-745-1475,2025-06-20
217,불교,마하연,경상남도 진주시 명석면 광제산로 596,055-746-3396,2025-06-20
218,불교,보현사,경상남도 진주시 명석면 광제산로 1100-23,055-745-3714,2025-06-20
219,불교,성중사,경상남도 진주시 명석면 광제산로1032번길90,055-746-0820,2025-06-20
220,불교,대덕암,경상남도 진주시 명석면 광제산로833번길24-3,055-745-7313,2025-06-20
221,불교,광덕사,경상남도 진주시 명석면 외율길10번길 60-104,055-742-6044,2025-06-20
222,불교,축원암,경상남도 진주시 명석면 외율길54번길102-59,055-744-3044,2025-06-20
223,불교,수덕사,경상남도 진주시 명석면 외율길54번길102-68,055-745-7499,2025-06-20
224,불교,소원사,경상남도 진주시 명석면 팔미길 74-19,055-744-3973,2025-06-20
225,불교,무애사,경상남도 진주시 명석면 진주대로 2477-17,055-744-2181,2025-06-20
226,불교,백운사,경상남도 진주시 명석면 진주대로 2207-44,055-744-3778,2025-06-20
227,불교,무량사,경상남도 진주시 명석면 오미길341번길 56,055-744-6188,2025-06-20
228,불교,성불사,경상남도 진주시 명석면 가화로 664-19,055-744-4059,2025-06-20
229,불교,삼불암,경상남도 진주시 명석면 진주대로2311번길 157-5,055-744-3838,2025-06-20
230,불교,복천사,경상남도 진주시 명석면 진주대로 1947-60,,2025-06-20
231,불교,연화사,경상남도 진주시 명석면 진주대로1918번길 195-62,055-744-3367,2025-06-20
232,불교,극락암,경상남도 진주시 명석면 관덕길 156,055-747-4866,2025-06-20
233,불교,명성암,경상남도 진주시 대평면 호반로 975-82,055-759-0608,2025-06-20
234,불교,원광사,경상남도 진주시 대평면 한들길 2-26,055-744-3986,2025-06-20
235,불교,정심선원,경상남도 진주시 대평면 원당길158번길 68,055-758-8535,2025-06-20
236,기독교,대평교회,경상남도 진주시 대평면 한들길42번길 11-10,055-744-3738,2025-06-20
237,불교,법연사,경상남도 진주시 수곡면 중전길268번길 8-29,055-754-4957,2025-06-20
238,불교,선암사,경상남도 진주시 수곡면 사곡로681번길 51-9,055-758-7400,2025-06-20
239,불교,성암사,경상남도 진주시 수곡면 덕천로 308-6,,2025-06-20
240,불교,월계암,경상남도 진주시 수곡면 시묘산길 324-5,,2025-06-20
241,불교,한산사,경상남도 진주시 수곡면 곤수로514번길 107,055-758-0663,2025-06-20
242,기독교,평화교회,경상남도 진주시 수곡면 원외길22번길 19,055-758-0129,2025-06-20
243,기독교,제일교회,경상남도 진주시 수곡면 옥수로580번길 13,,2025-06-20
244,불교,대덕사,경상남도 진주시 수곡면 사곡로90번길 13-9,055-741-3318,2025-06-20
245,불교,마니굴,경상남도 진주시 수곡면 곤수로1407번길 36-20,,2025-06-20
246,기독교,자매교회,경상남도 진주시 수곡면 사곡로681번길 20-1,,2025-06-20
247,기독교,작은교회,경상남도 진주시 수곡면 대각길 150,,2025-06-20
248,불교,정법사,경상남도 진주시 봉수대길 64,055-752-0609,2025-06-20
249,불교,월경사,경상남도 진주시 망경로224번길 45,055-753-6411,2025-06-20
250,불교,총림선원,경상남도 진주시 망진산길 71,055-752-6491,2025-06-20
251,불교,금선암,경상남도 진주시 천수로137번길 38,055-752-1032,2025-06-20
252,불교,보덕암,경상남도 진주시 주약약골길8번길 36,055-762-0254,2025-06-20
253,불교,용화암,경상남도 진주시 천수로155번길 16-1,,2025-06-20
254,기독교,진주갈릴리교회,경상남도 진주시 천수로 141,055-758-8081,2025-06-20
255,기독교,진주남교회,경상남도 진주시 망경남길24번길 7,055-755-6487,2025-06-20
256,기독교,큰터교회,경상남도 진주시 천수로33번길 12,055-753-8764,2025-06-20
257,기독교,진주은빛교회,경상남도 진주시 주약약골길28번길 21,055-754-0241,2025-06-20
258,기독교,순복음진주 초대교회,경상남도 진주시 망경남길66번길 11,055-762-0191,2025-06-20
259,기독교,주약교회,"경상남도 진주시 천수로 49, 4층",,2025-06-20
260,기독교,임마누엘누림교회,"경상남도 진주시 망경남길 49, 2층",,2025-06-20
261,천주교,망경성당,경상남도 진주시 천수로152번길 24,055-756-5680,2025-06-20
262,불교,진주보천 심인당,경상남도 진주시 강남로247번길 9,055-757-1506,2025-06-20
263,불교,여래사,경상남도 진주시 강남로 181-4,055-758-6007,2025-06-20
264,기독교,남부교회,경상남도 진주시 진주대로908번길 17-2,055-758-0162,2025-06-20
265,기독교,명성교회,경상남도 진주시 강남로201번길 21-1,055-757-0647,2025-06-20
266,천주교,칠암성당,경상남도 진주시 진주대로986번길 9,055-752-3864,2025-06-20
267,기타,진주가정교회,경상남도 진주시 강남로 247,055-762-8341,2025-06-20
268,천리교,천리교 본성교회,경상남도 진주시 강남로151번길 11,,2025-06-20
269,불교,법장사,경상남도 진주시 천수로237번길 14,055-752-5164,2025-06-20
270,기독교,한빛교회,"경상남도 진주시 망경로 279-1, 지하1층",,2025-06-20
271,기독교,진주환언교회,"경상남도 진주시 망경로298번길 6-1, 2층",055-755-7505,2025-06-20
272,기독교,호산나교회,"경상남도 진주시 진주대로 982, 지하1층",,2025-06-20
273,기독교,진주침례교회,"경상남도 진주시 강남로 95번길 6, 2층",055-756-0691,2025-06-20
274,불교,불교 총지종 화음사,경상남도 진주시 강남로301번길 8,055-755-4697,2025-06-20
275,불교,진순법당,경상남도 진주시 진주대로915번길 15,055-755-9226,2025-06-20
276,불교,진주도림사,경상남도 진주시 진주대로941번길 19,,2025-06-20
277,기독교,사랑의교회,"경상남도 진주시 진주대로 934, 3층",,2025-06-20
278,기독교,하나되는 교회,"경상남도 진주시 망경남길 49, 2층",,2025-06-20
279,기독교,진주교회,경상남도 진주시 천수로 213-10,,2025-06-20
280,기독교,소망침례교회,"경상남도 진주시 진주대로960번길 9, 3층",055-762-1611,2025-06-20
281,기독교,진주말씀,"경상남도 진주시 진주대로908번길 5-4, 2충",055-761-4689,2025-06-20
282,기독교,선교장로교회,경상남도 진주시 진주대로 849-4,055-762-5218,2025-06-20
283,기독교,비전교회,"경상남도 진주시 강남로 183, 2층",,2025-06-20
284,불교,호국사,경상남도 진주시 남강로 626-71,055-741-4394,2025-06-20
285,불교,보현사,경상남도 진주시 진주대로1143번길 8,055-745-6782,2025-06-20
286,불교,진주불교회관,경상남도 진주시 진주대로 1117,055-747-0108,2025-06-20
287,불교,성주회,"경상남도 진주시 진양호로 508, 3~4층",,2025-06-20
288,불교,대순진리,"경상남도 진주시 진양호로 451, 3층",055-741-5134,2025-06-20
289,불교,통달사,"경상남도 진주시 진주대로 1169-2, 2층",,2025-06-20
290,천주교,봉곡성당,경상남도 진주시 진주대로 1178,055-746-6957,2025-06-20
291,기독교,천부교진주교회,경상남도 진주시 북장대로 6번길14-1,,2025-06-20
292,기독교,참사랑 교회,"경상남도 진주시 창렬로 27, 2층",,2025-06-20
293,기독교,동산교회,경상남도 진주시 비봉로30번길 9,055-743-8511,2025-06-20
294,기독교,중부교회,경상남도 진주시 비봉로39번길 8,055-747-2733,2025-06-20
295,기독교,기독교대한 성결교중앙교회,경상남도 진주시 비봉로39번길 13,055-742-8296,2025-06-20
296,기독교,제7일안식일재림교진주중앙교회,경상남도 진주시 비봉로 27,055-741-5632,2025-06-20
297,기독교,하나님의교회,경상남도 진주시 북장대로 50,055-745-1925,2025-06-20
298,기독교,갈보리교회,"경상남도 진주시 창렬로 23-4, 1층",,2025-06-20
299,기독교,물댄동산교회,"경상남도 진주시 촉석로 126, 4층",055-741-0991,2025-06-20
300,기독교,생명나무교회,"경상남도 진주시 진주성로 61, 3층",,2025-06-20
301,기독교,진주농아인교회,"경상남도 진주시 진양호로 508, 2층",,2025-06-20
302,기독교,평안한교회,"경상남도 진주시 진주대로 1167, 2층",,2025-06-20
303,천리교,천리교진성교회,"경상남도 진주시 촉석로 154, 3층",,2025-06-20
304,기독교,전산장로교회,경상남도 진주시 촉석로 142,,2025-06-20
305,기독교,진주성전,경상남도 진주시 진주성로 37-1,055-741-3541,2025-06-20
306,기독교,경남진주노회(회관),경상남도 진주시 진양호로 506-1,,2025-06-20
307,기독교,진주교회(1),경상남도 진주시 의병로250번길 16 ,055-743-8911,2025-06-20
308,불교,도명암,경상남도 진주시 진산로46번길 21 ,,2025-06-20
309,불교,법성사,경상남도 진주시 향교로93번길 36 ,055-741-1009,2025-06-20
310,불교,보각사,경상남도 진주시 옥봉길15번길 11 ,055-748-3855,2025-06-20
311,불교,보현암,경상남도 진주시 진양호로625번길 4-1 ,055-748-4867,2025-06-20
312,불교,송원사,경상남도 진주시 남강로 751-14 ,055-745-9944,2025-06-20
313,불교,순천암,경상남도 진주시 진양호로597번길 7-15,055-745-1526,2025-06-20
314,불교,연화사,경상남도 진주시 향교로42번길 13 ,055-741-4852,2025-06-20
315,불교,옥수암,경상남도 진주시 향교로109번길 62 ,055-742-0203,2025-06-20
316,기독교,진주동부성결교회,경상남도 진주시 진양호로614번길 12 ,055-746-0691,2025-06-20
317,기독교,진주중앙교회,경상남도 진주시 옥봉길9번길 12-16 ,055-743-0967,2025-06-20
318,기독교,한가족교회,경상남도 진주시 남강로 722-1 3층,055-747-0692,2025-06-20
319,천주교,옥봉성당,경상남도 진주시 향교로42번길 5 ,055-741-2442,2025-06-20
320,기타,정성법당,경상남도 진주시 옥봉길9번길 12 ,055-741-2974,2025-06-20
321,기독교,순복음열린문교회,"경상남도 진주시 장대로 38-1, 2층",920-0889,2025-06-20
322,기독교,열방추수교회,경상남도 진주시 남강로 731 2층,055-745-0691,2025-06-20
323,기독교,방주교회,경상남도 진주시 남강로736번길 12,,2025-06-20
324,기독교,진주교회(2),경상남도 진주시 촉석로201번길 8-1,055-743-2003,2025-06-20
325,불교,여래사(원),경상남도 진주시 진주성로188번길 29,055-742-6070,2025-06-20
326,불교,의곡사,경상남도 진주시 의곡길 72,055-741-4710,2025-06-20
327,불교,청계암,경상남도 진주시 창렬로187번길 14-5,055-741-6636,2025-06-20
328,불교,봉황사,경상남도 진주시 창렬로 209,055-741-1901,2025-06-20
329,불교,법혜사,경상남도 진주시 창렬로 205-15,055-741-7196,2025-06-20
330,불교,백연암,경상남도 진주시 의병로 121-1,055-741-0944,2025-06-20
331,불교,삼선암,경상남도 진주시 의병로111번길 17,055-741-8403,2025-06-20
332,불교,영덕암,경상남도 진주시 진주성로183번길 13-5,,2025-06-20
333,불교,천진선원,경상남도 진주시 의병로65번길 43,055-745-0522,2025-06-20
334,기독교,예수그리스도 후기성도교회,경상남도 진주시 창렬로 94,055-742-7223,2025-06-20
335,기독교,진주북부교회,경상남도 진주시 의병로111번길 7,055-743-2667,2025-06-20
336,기독교,나무교회,"경상남도 진주시 상봉대룡길 16, 4층",055-748-9614,2025-06-20
337,불교,약사정사,경상남도 진주시 의병로 128,055-761-5382,2025-06-20
338,불교,대불사,경상남도 진주시 상봉대룡길 81,,2025-06-20
339,기독교,진주기도원,경상남도 진주시 진주성로172번길 35,055-748-7209,2025-06-20
340,불교,봉인사,경상남도 진주시 진주성로178번길 8-54,055-742-5044,2025-06-20
341,불교,봉황사,경상남도 진주시 진주성로172번길 20-2,055-746-9417,2025-06-20
342,기독교,에덴교회,경상남도 진주시 상봉대룡길 54,,2025-06-20
343,불교,진주정사,경상남도 진주시 창렬로 205-16,0507-1308-8445,2025-06-20
344,기독교,온전한 복음교회,"경상남도 진주시 창렬로 130-1, 3층",,2025-06-20
345,기타,성덕도진주교화원,경상남도 진주시 창렬로 197-6,055-746-7646,2025-06-20
346,불교,거사림,"경상남도 진주시 진주성로 108, 3층",055-741-0108,2025-06-20
347,불교,공덕암,경상남도 진주시 창렬로188번길 23,,2025-06-20
348,불교,비봉사,경상남도 진주시 창렬로187번길 11-20,055-742-6666,2025-06-20
349,원불교,동진주교당,경상남도 진주시 대신로232번길 8,055-752-6192,2025-06-20
350,기독교,대광교회,경상남도 진주시 대신로243번길 16,055-761-6866,2025-06-20
351,기독교,꿈이있는교회,경상남도 진주시 대신로299번길 8-1,055-763-8291,2025-06-20
352,기독교,진주성결교회,경상남도 진주시 도동천로 39,055-762-0932,2025-06-20
353,불교,월하사,"경상남도 진주시 동진로 223, 3층",055-755-0322,2025-06-20
354,기독교,동진주교회,경상남도 진주시 도동천로 69,055-752-7652,2025-06-20
355,기독교,신천지진주교회,"경상남도 진주시 동진로 111, 4층 6층",,2025-06-20
356,기독교,새예루살렘교회,"경상남도 진주시 동진로 196, 3층",055-759-3852,2025-06-20
357,기독교,주안교회,경상남도 진주시 동진로 221,055-753-1474,2025-06-20
358,불교,선우선방,경상남도 진주시 동진로102번길 5,,2025-06-20
359,기독교,하나님의 교회,경상남도 진주시 모덕로 139,,2025-06-20
360,기독교,하늘빛교회,경상남도 진주시 모덕로 174,920-4708,2025-06-20
361,기독교,큰사랑교회,경상남도 진주시 모덕로 48-2,055-755-8105,2025-06-20
362,불교,송학사,경상남도 진주시 모덕로 69-2,055-752-9707,2025-06-20
363,기독교,진주제일교회,경상남도 진주시 모덕로 79-22,055-757-3535,2025-06-20
364,기독교,도동교회,경상남도 진주시 모덕로163번길 15-3,055-759-1355,2025-06-20
365,불교,법륜사,경상남도 진주시 모덕로181번길 7,055-753-5818,2025-06-20
366,불교,법성사,경상남도 진주시 모덕로30번길 4,055-752-7388,2025-06-20
367,기독교,진주동광교회,경상남도 진주시 모덕로47번길 1-16,055-761-2859,2025-06-20
368,기독교,진리의사랑교회,경상남도 진주시 상대로69번길 5-1,055-757-4600,2025-06-20
369,기타,진주교화원,경상남도 진주시 선학산길 32-8,055-761-2077,2025-06-20
370,기독교,순복음진주중앙교회,경상남도 진주시 선학산길 44-1,055-757-2040,2025-06-20
371,기독교,진주예전교회,경상남도 진주시 모덕로 60,070-8202-7159,2025-06-20
372,기독교,천국복음진주교회,경상남도 진주시 동진로119번길 7-1,055-762-0142,2025-06-20
373,기독교,동진로교회,경상남도 진주시 동진로 103,055-759-1340,2025-06-20
374,기독교,진주교회,경상남도 진주시 동진로 125,,2025-06-20
375,기독교,진주순복음교회,경상남도 진주시 모덕로87번길 5-6,055-758-0691,2025-06-20
376,기독교,생수교회,경상남도 진주시 솔밭로140번길 4,,2025-06-20
377,기독교,새누리교회,경상남도 진주시 상대로 8,,2025-06-20
378,기독교,행복한교회,경상남도 진주시 대신로231번길 7-2,,2025-06-20
379,기독교,은빛선교교회,"경상남도 진주시 돗골로 167, 2층",,2025-06-20
380,기독교,반석교회,경상남도 진주시 도동로248번길 21-2,055-755-0757,2025-06-20
381,기독교,신동교회,경상남도 진주시 하대로34번길 11-67,055-758-4375,2025-06-20
382,기독교,열방교회,경상남도 진주시 말티고개로 34-39,055-762-0698,2025-06-20
383,천주교,하대성당,경상남도 진주시 도동로239번길 14,055-759-0295,2025-06-20
384,기독교,왕국회관,경상남도 진주시 하대로34번길 11-24,,2025-06-20
385,기독교,진주임마누엘교회,경상남도 진주시 대신로 356번길 21-3,055-753-0027,2025-06-20
386,기독교,진주교회,경상남도 진주시 하대로34번길 28,055-753-9104,2025-06-20
387,기독교,새빛교회,경상남도 진주시 모덕로 197번길 2,055-754-0191,2025-06-20
388,기독교,꿈이있는교회,"경상남도 진주시 모덕로 289, 2층",055-748-3278,2025-06-20
389,기독교,등대교회,경상남도 진주시 도동로 173-1,055-762-8507,2025-06-20
390,기독교,성광교회,경상남도 진주시 도동로178번길 7,055-762-8668,2025-06-20
391,기독교,신평교회,"경상남도 진주시 남강로 1409, 3층",,2025-06-20
392,기독교,제자교회,"경상남도 진주시 도동천로 276, 104호",055-753-7156,2025-06-20
393,기독교,진주중앙교회,경상남도 진주시 모덕로 294번길 6-6,055-755-0462,2025-06-20
394,기독교,예수로교회,"경상남도 진주시 남강로 1413번길 10-1, 2층",070-4222-0790,2025-06-20
395,기독교,행복한교회,경상남도 진주시 대신로371번길 5,,2025-06-20
396,기독교,목양교회,경상남도 진주시 하대로34번길 11-20,,2025-06-20
397,기독교,새생명교회,경상남도 진주시 말티고개로118번길 5,055-748-0169,2025-06-20
398,기독교,진주광림교회,경상남도 진주시 하대로 126-1,055-752-2480,2025-06-20
399,기독교,벧엘교회,경상남도 진주시 대신로389번길 7,,2025-06-20
400,천주교,작은자매 관상선교 수녀회,경상남도 진주시 남강로 1131,055-752-7665,2025-06-20
401,천주교,상평성당,경상남도 진주시 공단로91번길 26,055-752-5922,2025-06-20
402,기타,대순진리회,경상남도 진주시 돗골로26번길 16,055-755-6936,2025-06-20
403,천리교,천리교교회,경상남도 진주시 대신로195번길 9-8,055-752-7315,2025-06-20
404,기독교,도담감리교회,"경상남도 진주시 공단로 42, 2층",055-763-4624,2025-06-20
405,기독교,진주아름다운교회,경상남도 진주시 공단로 17-1,055-758-3334,2025-06-20
406,기독교,진주갈보리교회,"경상남도 진주시 공단로91번길 11-1, 2층",,2025-06-20
407,기독교,온땅교회,경상남도 진주시 큰들로 118,055-762-3527,2025-06-20
408,기독교,하늘정원교회,경상남도 진주시 공단로 30,055-757-4489,2025-06-20
409,이슬람,이슬람사원(페잔 이 마디나),"경상남도 진주시 돗골로 21, 2층",,2025-06-20
410,기독교,진주동부교회,경상남도 진주시 돗골로106번길 6-5,055-757-1117,2025-06-20
411,기독교,진주솔밭교회,경상남도 진주시 솔밭로80번길 6,055-755-3199,2025-06-20
412,기독교,진주성심교회,경상남도 진주시 솔밭로79번길 12,055-755-2347,2025-06-20
413,기독교,소망교회,"경상남도 진주시 돗골로 19, 6층",055-752-8650,2025-06-20
414,천도교,천도교 진주시교구,"경상남도 진주시 도동로 14, 2층",,2025-06-20
415,기타,제2영성센터,경상남도 진주시 남강로 949,,2025-06-20
416,기독교,산돌교회,경상남도 진주시 하촌로196번길 14-55,055-759-5591,2025-06-20
417,기독교,소망교회,경상남도 진주시 초전남로39번길1-9,070-7768-7275,2025-06-20
418,기독교,실로암교회,경상남도 진주시 초전남로53번길 26-2,055-758-4101,2025-06-20
419,기독교,진주제일교회,경상남도 진주시 대신로 630,055-755-5658,2025-06-20
420,기독교,초전교회,경상남도 진주시 초전북로39번길 5-18,055-752-0002,2025-06-20
421,기독교,기독교대한성결교회진주아브라함교회,경상남도 진주시 말티고개로 1,,2025-06-20
422,기독교,기쁜소식진주교회,경상남도 진주시 초전북로 115,055-753-8680,2025-06-20
423,기독교,샘솟는교회(1),경상남도 진주시 초북로 56-10,,2025-06-20
424,기독교,샘솟는교회(2),경상남도 진주시 말티고개로123번길 22,,2025-06-20
425,기독교,은송교회,경상남도 진주시 진산로 261,,2025-06-20
426,기독교,시냇가에 심은 교회,경상남도 진주시 진산로 455,055-753-2489,2025-06-20
427,불교,다례정사,경상남도 진주시 장재새미길53번길 30,055-762-3095 ,2025-06-20
428,불교,선덕사,경상남도 진주시 진산로 100-3,055-752-4862,2025-06-20
429,불교,선학사,경상남도 진주시 진산로 116-14,055-762-0108,2025-06-20
430,불교,연기암,경상남도 진주시 장재새미길53번길47,055-759-4964,2025-06-20
431,불교,행복문화회관,경상남도 진주시 말태고개로123번길9,055-759-6627,2025-06-20
432,불교,견불사,경상남도 진주시 장재새미길53번길 56,055-759-5789,2025-06-20
433,불교,불광사,경상남도 진주시 초전남로65번길 14-1,,2025-06-20
434,불교,대승선원,경상남도 진주시 장재길 43-24,055-762-0104,2025-06-20
435,천주교,장재성당,경상남도 진주시 진산로357번길10,055-759-8217,2025-06-20
436,불교,천황사,경상남도 진주시 석갑로141번길 80,,2025-06-20
437,기독교,구세군교회,경상남도 진주시 순환로559번길 13,055-746-8831,2025-06-20
438,기독교,화목한교회,경상남도 진주시 석갑로53번길 2,,2025-06-20
439,기독교,삼일교회,경상남도 진주시 석갑로91번길 8-17,055-743-3131,2025-06-20
440,기독교,성동교회,경상남도 진주시 순환로553번길 10,055-746-7282,2025-06-20
441,기독교,주님의교회,경상남도 진주시 순환로 528  6층,055-747-8586,2025-06-20
442,기독교,천성교회,경상남도 진주시 진양호로171번길 8,055-747-7347,2025-06-20
443,기독교,평화교회,경상남도 진주시 진양호로 329,055-746-2695,2025-06-20
444,기독교,거룩한성교회,"경상남도 진주시 진양호로293번길 16-5, 4층",,2025-06-20
445,기독교,주날개교회,경상남도 진주시 평거로5번길 36,,2025-06-20
446,기독교,진주성남교회,경상남도 진주시 촉석로 54,055-746-9450,2025-06-20
447,기독교,샘물교회,경상남도 진주시 진양호로 406-1,055-748-0191,2025-06-20
448,기독교,성북교회,경상남도 진주시 천수로 303,055-748-4771,2025-06-20
449,기독교,영은교회,경상남도 진주시 신안들말길 48,055-748-4514,2025-06-20
450,천주교,천주교 신안동성당,경상남도 진주시 평거로 141,055-745-5131,2025-06-20
451,원불교,원불교진주교당,경상남도 진주시 신안로 104,055-743-5456,2025-06-20
452,기독교,열매맺는교회,경상남도 진주시 신안로 120,,2025-06-20
453,기독교,필그림교회,경상남도 진주시 신안로34번길 11,055-746-0191,2025-06-20
454,불교,(재)한국SGI불교회 (진주),경상남도 진주시 신안로88번길 9-4 ,055-747-6355,2025-06-20
455,기독교,더세움교회,경상남도 진주시 진양호로 401,055-747-0191,2025-06-20
456,기독교,시민성결교회,경상남도 진주시 신안들말길10번길 4-1,055-742-0691,2025-06-20
457,기독교,세계로교회,경상남도 진주시 신안로126번길 18,,2025-06-20
458,기독교,주찬양교회,경상남도 진주시 천수로 320-2,,2025-06-20
459,기독교,참빛교회,"경상남도 진주시 남강로533, 4층",055-742-7060,2025-06-20
460,기독교,참빛교회,경상남도 진주시 남강로 533,055-742-7060,2025-06-20
461,불교,우리절,경상남도 진주시 신안동 석갑로91번길 10-5,,2025-06-20
462,불교,정관정사(성양원),경상남도 진주시 석갑로173번길 3,,2025-06-20
463,불교,문필암,경상남도 진주시 서장대로185번길 11-8,,2025-06-20
464,기독교,반석교회,경상남도 진주시 서장대로 226,055-743-8933,2025-06-20
465,기독교,진주팔복교회,경상남도 진주시 평거로258번길 19,055-752-8291,2025-06-20
466,기독교,성서침례교회,경상남도 진주시 서장대로185번길 19,055-743-6408,2025-06-20
467,기독교,영락교회,경상남도 진주시 의병로 49,055-747-0236,2025-06-20
468,기독교,은혜교회,경상남도 진주시 석갑로173번길 7,055-748-3312,2025-06-20
469,기독교,이현교회,경상남도 진주시 이현두곡길59번길 2,055-744-7626,2025-06-20
470,기독교,혜성교회,경상남도 진주시 서장대로283번길 8,055-746-3309,2025-06-20
471,불교,금천암,경상남도 진주시 진주대로1270번길 27,055-742-0246,2025-06-20
472,불교,보광사,경상남도 진주시 이현두곡길59번길 34,055-743-4321,2025-06-20
473,불교,보림사,경상남도 진주시 유곡죽전길 9-5,,2025-06-20
474,불교,다천사,경상남도 진주시 유곡죽전길 27-5,055-758-1679,2025-06-20
475,기독교,진주영광침례교회,"경상남도 진주시 서장대로 299, 2층",055-762-1611,2025-06-20
476,기독교,선한목자교회,경상남도 진주시 석갑산로 181-2,055-743-5100,2025-06-20
477,기독교,벧엘교회,경상남도 진주시 진주대로1322번길 59,,2025-06-20
478,불교,관음정사,경상남도 진주시 진양호로111번길 17,055-747-9666,2025-06-20
479,불교,마하사,경상남도 진주시 진양호로143번길 33,055-742-2636,2025-06-20
480,불교,보경사,경상남도 진주시 판문로 70-5,055-746-4800,2025-06-20
481,불교,염불선사,경상남도 진주시 판문로 64-12,055-748-7719,2025-06-20
482,불교,용화사,경상남도 진주시 진양호로143번길 15,055-746-4515,2025-06-20
483,기독교,강남교회,경상남도 진주시 진양호로 39-3,055-745-3100,2025-06-20
484,기독교,서진주교회,경상남도 진주시 진양호로83번길 22,055-746-4257,2025-06-20
485,기독교,주뜻교회,경상남도 진주시 진양호로119번길 12,055-748-3196,2025-06-20
486,기독교,진주순복음 참빛교회,경상남도 진주시 진양호로145번길 23,055-747-9469,2025-06-20
487,기독교,진주임마누엘교회,경상남도 진주시 진양호로125번길 22-22,055-745-8291,2025-06-20
488,기독교,평거중앙교회,경상남도 진주시 진양호로97번길 15,055-746-0017,2025-06-20
489,기독교,새소망교회,경상남도 진주시 진양호로125번길 22-24,055-743-3315,2025-06-20
490,기독교,한누리교회,경상남도 진주시 진양호로125번길 22-19,055-747-4026,2025-06-20
491,기독교,한사랑교회,경상남도 진주시 남강로1번길 22,055-748-3901,2025-06-20
492,원불교,원불교서진주교당,경상남도 진주시 진양호로97번길 13-26,055-745-4920,2025-06-20
493,기독교,신진주교회,경상남도 진주시 남강로 9,,2025-06-20
494,천주교,평거동성당,경상남도 진주시 진양호로125번길 22-4,055-746-3217,2025-06-20
495,기독교,구세군서진주영문교회,경상남도 진주시 경남 진주시 서장대로61번길 7-12,055-747-1365,2025-06-20
496,기독교,꿈꾸는교회,경상남도 진주시 진주대로 596-10,070-8988-2310,2025-06-20
497,기독교,진주감리교회,경상남도 진주시 동부로 141-8,055-759-6878,2025-06-20
498,기독교,진주신일교회,경상남도 진주시 진주대로568번길 11,055-759-9496,2025-06-20
499,기독교,횃불교회,경상남도 진주시 호탄길28번길 10,,2025-06-20
500,기독교,대학교회,"경상남도 진주시 진주대로 500번길 9-1, 3층",0507-1390-7540,2025-06-20
501,기독교,진주교회,경상남도 진주시 가호로 25,055-757-1148,2025-06-20
502,기독교,한마음교회,경상남도 진주시 동부로169번길 35,055-755-8962,2025-06-20
503,천주교,가좌성당,경상남도 진주시 개양로6번길 17,055-763-5131,2025-06-20
504,기독교,함께하는 교회,"경상남도 진주시 가좌길74번길 7, 2층",,2025-06-20
505,기독교,열방시민교회,경상남도 진주시 가좌안골길16번길 1,070-4119-6091,2025-06-20
506,불교,미륵암,경상남도 진주시 개양로 170-90,055-759-8243,2025-06-20
507,불교,용호정사,경상남도 진주시 동부로169번길 35,055-755-8962,2025-06-20
508,불교,화성사,경상남도 진주시 동부로 250-20,,2025-06-20
509,기독교,영광교회,경상남도 진주시 가좌안골길16번길 3,055-759-9925,2025-06-20
510,기독교,진주우리교회,경상남도 진주시 호탄길13번길 15,055-759-9639,2025-06-20
511,기독교,하늘가는 교회,경상남도 진주시 호탄길 19,055-748-0197,2025-06-20
512,기독교,주사랑교회,경상남도 진주시 개양로 170-66,055-763-0691,2025-06-20
513,기독교,진주화평교회,경상남도 진주시 소호로 80,055-761-1197,2025-06-20
514,기독교,하나님의교회,"경상남도 진주시 사들로 40, 3층",055-762-1943,2025-06-20
515,기독교,누리샘교회,경상남도 진주시 범골로60번길 26,,2025-06-20
516,불교,관음선원,경상남도 진주시 동부로169번길 12,055-755-3322,2025-06-20
517,불교,안심사,경상남도 진주시 사들로34번길 14-22,,2025-06-20
518,기독교,칠암교회,경상남도 진주시 충의로 135,055-753-4670,2025-06-20
